nodes:349 arcs:12215 singular:1117 active:517 Optimization.Subgradient.FixedStepSize:min_grad:Result(-4.176517479255371e-9, 3.056979403565718) Optimization.Subgradient.FixedStepSize:EK:Result(0.00822271130885051, 4.790295444640876e-11) Optimization.Subgradient.FixedStepSize:mg_EK:Result(3.886846551754549e-8, 3.2894359422558707e-11) Optimization.Subgradient.FixedStepSize:SPEK:Result(0.025660806897063734, 5.630551945001107e-11) Optimization.Subgradient.FixedStepSize:mg_SPEK:Result(NaN, NaN) Optimization.Subgradient.FixedStepSize:SPEKn:Result(0.01577993574095744, 5.2329987971806694e-11) Optimization.Subgradient.FixedStepSize:mg_SPEKn:Result(NaN, NaN) Optimization.Subgradient.NesterovMomentum:min_grad:Result(-6.020927784584959e-10, 0.28105757136866427) Optimization.Subgradient.NesterovMomentum:EK:Result(0.011024595286455594, 4.4511342830335004e-11) Optimization.Subgradient.NesterovMomentum:mg_EK:Result(2.53137594163015e-8, 3.2730922274349096e-11) Optimization.Subgradient.NesterovMomentum:SPEK:Result(0.025163042626345545, 5.306526538798075e-11) Optimization.Subgradient.NesterovMomentum:mg_SPEK:Result(NaN, NaN) Optimization.Subgradient.NesterovMomentum:SPEKn:Result(0.018284300065999477, 5.529169625989103e-11) Optimization.Subgradient.NesterovMomentum:mg_SPEKn:Result(NaN, NaN) 
nodes:349 arcs:12215 singular:1117 active:1205 Optimization.Subgradient.FixedStepSize:min_grad:Result(1.2786776697412105e-8, 3.0550128597761237) Optimization.Subgradient.FixedStepSize:EK:Result(0.00862917085506138, 4.775174344026798e-11) Optimization.Subgradient.FixedStepSize:mg_EK:Result(9.3042769214427e-8, 3.476098270952757e-11) Optimization.Subgradient.FixedStepSize:SPEK:Result(0.019573287302344675, 5.507951297246354e-11) Optimization.Subgradient.FixedStepSize:mg_SPEK:Result(NaN, NaN) Optimization.Subgradient.FixedStepSize:SPEKn:Result(0.013506872781452774, 5.375851399743252e-11) Optimization.Subgradient.FixedStepSize:mg_SPEKn:Result(NaN, NaN) Optimization.Subgradient.NesterovMomentum:min_grad:Result(6.173337443366691e-10, 0.3079237310602719) Optimization.Subgradient.NesterovMomentum:EK:Result(0.007219483981476775, 5.5519097631123015e-11) Optimization.Subgradient.NesterovMomentum:mg_EK:Result(8.314073091226038e-9, 4.286977503941689e-11) Optimization.Subgradient.NesterovMomentum:SPEK:Result(0.016656645750852055, 5.783187130755001e-11) Optimization.Subgradient.NesterovMomentum:mg_SPEK:Result(NaN, NaN) Optimization.Subgradient.NesterovMomentum:SPEKn:Result(0.013961344964781516, 6.033716895447696e-11) Optimization.Subgradient.NesterovMomentum:mg_SPEKn:Result(NaN, NaN) 
nodes:349 arcs:12215 singular:1117 active:3701 Optimization.Subgradient.FixedStepSize:min_grad:Result(-1.4194912908848074e-8, 3.1507685447597518) Optimization.Subgradient.FixedStepSize:EK:Result(0.00808179360199387, 5.334543537436426e-11) Optimization.Subgradient.FixedStepSize:mg_EK:Result(3.426677976717771e-7, 4.4404392555350696e-11) Optimization.Subgradient.FixedStepSize:SPEK:Result(0.011571466862259017, 6.478558428807119e-11) Optimization.Subgradient.FixedStepSize:mg_SPEK:Result(1.9456005796266452e-10, 5.075687500455597e-11) Optimization.Subgradient.FixedStepSize:SPEKn:Result(0.0076775088161277465, 5.98307779616371e-11) Optimization.Subgradient.FixedStepSize:mg_SPEKn:Result(1.509255550414533e-10, 4.83075235678638e-11) Optimization.Subgradient.NesterovMomentum:min_grad:Result(-7.770767157145427e-10, 0.30736478449617843) Optimization.Subgradient.NesterovMomentum:EK:Result(0.004683832237007241, 4.945710454129098e-11) Optimization.Subgradient.NesterovMomentum:mg_EK:Result(2.55534767492297e-8, 3.612002833450456e-11) Optimization.Subgradient.NesterovMomentum:SPEK:Result(0.007134476759048374, 5.390731623712983e-11) Optimization.Subgradient.NesterovMomentum:mg_SPEK:Result(3.4795806681310017e-12, 3.8553575538500034e-11) Optimization.Subgradient.NesterovMomentum:SPEKn:Result(0.004711349246016333, 5.131426885504926e-11) Optimization.Subgradient.NesterovMomentum:mg_SPEKn:Result(1.613622083612345e-12, 4.3689311552101515e-11) 
nodes:349 arcs:12215 singular:1117 active:4949 Optimization.Subgradient.FixedStepSize:min_grad:Result(1.0992760860030823e-8, 2.337339688028861) Optimization.Subgradient.FixedStepSize:EK:Result(0.005928327458997303, 4.703912337097946e-11) Optimization.Subgradient.FixedStepSize:mg_EK:Result(3.3347061927648384e-7, 3.7966056438172864e-11) Optimization.Subgradient.FixedStepSize:SPEK:Result(0.0071507016846346265, 6.146065749477331e-11) Optimization.Subgradient.FixedStepSize:mg_SPEK:Result(8.373715182970984e-11, 4.5406116668015296e-11) Optimization.Subgradient.FixedStepSize:SPEKn:Result(0.004746575914221742, 5.280120494468722e-11) Optimization.Subgradient.FixedStepSize:mg_SPEKn:Result(6.845081303287438e-11, 4.28418342480589e-11) Optimization.Subgradient.NesterovMomentum:min_grad:Result(-6.660162959878544e-10, 0.25754227165785937) Optimization.Subgradient.NesterovMomentum:EK:Result(0.005511276128231066, 4.8471448832080595e-11) Optimization.Subgradient.NesterovMomentum:mg_EK:Result(4.144919964669022e-8, 4.0869171728668794e-11) Optimization.Subgradient.NesterovMomentum:SPEK:Result(0.007587544653016177, 5.6763390420595064e-11) Optimization.Subgradient.NesterovMomentum:mg_SPEK:Result(2.0245679649986955e-12, 4.7082059025193356e-11) Optimization.Subgradient.NesterovMomentum:SPEKn:Result(0.005398058524933825, 5.647301942200952e-11) Optimization.Subgradient.NesterovMomentum:mg_SPEKn:Result(1.4569658748107344e-12, 4.8224996393377745e-11) 
nodes:349 arcs:12215 singular:2316 active:517 Optimization.Subgradient.FixedStepSize:min_grad:Result(-1.3397298090413476e-8, 3.3829277727383835) Optimization.Subgradient.FixedStepSize:EK:Result(0.07382449899250182, 9.003078042191979e-11) Optimization.Subgradient.FixedStepSize:mg_EK:Result(4.587196936681131e-8, 3.2143326909218595e-11) Optimization.Subgradient.FixedStepSize:SPEK:Result(0.1022430172112374, 9.891555737648228e-11) Optimization.Subgradient.FixedStepSize:mg_SPEK:Result(NaN, NaN) Optimization.Subgradient.FixedStepSize:SPEKn:Result(0.0900164324669688, 9.765549661905787e-11) Optimization.Subgradient.FixedStepSize:mg_SPEKn:Result(NaN, NaN) Optimization.Subgradient.NesterovMomentum:min_grad:Result(-1.9226659352630053e-10, 0.05834488903799783) Optimization.Subgradient.NesterovMomentum:EK:Result(0.07111375757611718, 8.823346441476038e-11) Optimization.Subgradient.NesterovMomentum:mg_EK:Result(9.813533383516196e-10, 3.374398909862888e-11) Optimization.Subgradient.NesterovMomentum:SPEK:Result(0.12405846811323522, 1.1854178785876125e-10) Optimization.Subgradient.NesterovMomentum:mg_SPEK:Result(5.170823929278296e-12, 3.5693520077797776e-11) Optimization.Subgradient.NesterovMomentum:SPEKn:Result(0.09020717711595282, 1.085713344579335e-10) Optimization.Subgradient.NesterovMomentum:mg_SPEKn:Result(5.349772294901431e-12, 3.3261736556143987e-11) 
nodes:349 arcs:12215 singular:2316 active:1205 Optimization.Subgradient.FixedStepSize:min_grad:Result(1.703676901035127e-8, 12.335522410628544) Optimization.Subgradient.FixedStepSize:EK:Result(0.07605809053942013, 1.1550979283388078e-10) Optimization.Subgradient.FixedStepSize:mg_EK:Result(1.0261942355192362e-6, 4.764752120166285e-11) Optimization.Subgradient.FixedStepSize:SPEK:Result(0.10078437133019331, 1.2661810454576078e-10) Optimization.Subgradient.FixedStepSize:mg_SPEK:Result(NaN, NaN) Optimization.Subgradient.FixedStepSize:SPEKn:Result(0.06771244263103633, 1.1449149377514259e-10) Optimization.Subgradient.FixedStepSize:mg_SPEKn:Result(NaN, NaN) Optimization.Subgradient.NesterovMomentum:min_grad:Result(2.664669418128756e-10, 0.1568207961658573) Optimization.Subgradient.NesterovMomentum:EK:Result(0.053012871324584765, 9.814578270141614e-11) Optimization.Subgradient.NesterovMomentum:mg_EK:Result(2.345657874496429e-8, 4.309389148818376e-11) Optimization.Subgradient.NesterovMomentum:SPEK:Result(0.05269386426687794, 9.449779202601486e-11) Optimization.Subgradient.NesterovMomentum:mg_SPEK:Result(NaN, NaN) Optimization.Subgradient.NesterovMomentum:SPEKn:Result(0.048756047478298745, 1.0147258174193007e-10) Optimization.Subgradient.NesterovMomentum:mg_SPEKn:Result(NaN, NaN) 
nodes:349 arcs:12215 singular:2316 active:3701 Optimization.Subgradient.FixedStepSize:min_grad:Result(3.2272300680253478e-9, 15.308535957082224) Optimization.Subgradient.FixedStepSize:EK:Result(0.02377328499212807, 6.852418385766123e-11) Optimization.Subgradient.FixedStepSize:mg_EK:Result(1.4265417302338995e-6, 5.122282628021425e-11) Optimization.Subgradient.FixedStepSize:SPEK:Result(0.021065510998842053, 7.638304084330745e-11) Optimization.Subgradient.FixedStepSize:mg_SPEK:Result(4.919942825135256e-9, 5.5370496523751946e-11) Optimization.Subgradient.FixedStepSize:SPEKn:Result(0.013564005584074619, 7.500513033297521e-11) Optimization.Subgradient.FixedStepSize:mg_SPEKn:Result(4.992679483117231e-9, 5.1751497103067196e-11) Optimization.Subgradient.NesterovMomentum:min_grad:Result(-6.567105486223432e-10, 0.6240588653025767) Optimization.Subgradient.NesterovMomentum:EK:Result(0.012718840404586538, 6.734468434530666e-11) Optimization.Subgradient.NesterovMomentum:mg_EK:Result(4.721715202017137e-8, 4.534698550955256e-11) Optimization.Subgradient.NesterovMomentum:SPEK:Result(0.015499422797401043, 8.18264424646048e-11) Optimization.Subgradient.NesterovMomentum:mg_SPEK:Result(1.7152164121732392e-11, 5.3840890876393214e-11) Optimization.Subgradient.NesterovMomentum:SPEKn:Result(0.011087981601377939, 7.43690969191271e-11) Optimization.Subgradient.NesterovMomentum:mg_SPEKn:Result(1.0073888076848854e-11, 5.251888160251878e-11) 
nodes:349 arcs:12215 singular:2316 active:4949 Optimization.Subgradient.FixedStepSize:min_grad:Result(2.5267732868862888e-8, 6.515862128445209) Optimization.Subgradient.FixedStepSize:EK:Result(0.018408213557052664, 6.055235549940027e-11) Optimization.Subgradient.FixedStepSize:mg_EK:Result(5.54872401474461e-7, 4.191082085167444e-11) Optimization.Subgradient.FixedStepSize:SPEK:Result(0.01596710321078821, 7.491973509313534e-11) Optimization.Subgradient.FixedStepSize:mg_SPEK:Result(6.764841602955074e-10, 5.128898199145125e-11) Optimization.Subgradient.FixedStepSize:SPEKn:Result(0.010203950976998465, 7.19571144589159e-11) Optimization.Subgradient.FixedStepSize:mg_SPEKn:Result(6.005978751251068e-10, 4.678620252058794e-11) Optimization.Subgradient.NesterovMomentum:min_grad:Result(1.1528968482683247e-9, 0.3423499347611726) Optimization.Subgradient.NesterovMomentum:EK:Result(0.009746759187569752, 6.228515618634815e-11) Optimization.Subgradient.NesterovMomentum:mg_EK:Result(6.212146591711004e-8, 4.448047447443643e-11) Optimization.Subgradient.NesterovMomentum:SPEK:Result(0.012672141398350009, 7.078889689754866e-11) Optimization.Subgradient.NesterovMomentum:mg_SPEK:Result(2.5365115350059064e-12, 4.698028829715419e-11) Optimization.Subgradient.NesterovMomentum:SPEKn:Result(0.008940165725203498, 6.603225134506476e-11) Optimization.Subgradient.NesterovMomentum:mg_SPEKn:Result(1.7671054103966052e-12, 5.025644818745656e-11) 
nodes:349 arcs:12215 singular:8899 active:517 Optimization.Subgradient.FixedStepSize:min_grad:Result(3.403095562931385e-10, 1.822445711585116e-10) Optimization.Subgradient.FixedStepSize:EK:Result(1.7802536122814576, 2.992169946748231e-9) Optimization.Subgradient.FixedStepSize:mg_EK:Result(3.403095562931385e-10, 3.720264844804361e-11) Optimization.Subgradient.FixedStepSize:SPEK:Result(2.609149053572813, 4.882486752373418e-9) Optimization.Subgradient.FixedStepSize:mg_SPEK:Result(3.403095562931385e-10, 9.869961550358767e-11) Optimization.Subgradient.FixedStepSize:SPEKn:Result(9.861183938584675, 1.5847220465369818e-8) Optimization.Subgradient.FixedStepSize:mg_SPEKn:Result(3.403095562931385e-10, 9.195361008257339e-11) Optimization.Subgradient.NesterovMomentum:min_grad:Result(1.878388226690967e-10, 1.7848712471144917e-10) Optimization.Subgradient.NesterovMomentum:EK:Result(1.1059118705769673, 1.6522585758944538e-9) Optimization.Subgradient.NesterovMomentum:mg_EK:Result(1.878388226690967e-10, 3.55694641073488e-11) Optimization.Subgradient.NesterovMomentum:SPEK:Result(2.9993613486518087, 4.302413927298446e-9) Optimization.Subgradient.NesterovMomentum:mg_SPEK:Result(1.878388226690967e-10, 9.310132897491733e-11) Optimization.Subgradient.NesterovMomentum:SPEKn:Result(5.66720250255754, 6.889351706280813e-9) Optimization.Subgradient.NesterovMomentum:mg_SPEKn:Result(1.878388226690967e-10, 8.825789912605267e-11) 
nodes:349 arcs:12215 singular:8899 active:1205 Optimization.Subgradient.FixedStepSize:min_grad:Result(1.7352151690561456e-10, 1.3239023685203824e-10) Optimization.Subgradient.FixedStepSize:EK:Result(1.0071021597180079, 1.534344494086618e-9) Optimization.Subgradient.FixedStepSize:mg_EK:Result(1.7352151690561456e-10, 3.760150846814641e-11) Optimization.Subgradient.FixedStepSize:SPEK:Result(10.129338241221346, 1.7706327969824304e-8) Optimization.Subgradient.FixedStepSize:mg_SPEK:Result(1.7352151690561456e-10, 9.01848220304034e-11) Optimization.Subgradient.FixedStepSize:SPEKn:Result(1.1520179204248757, 1.7112170354404502e-9) Optimization.Subgradient.FixedStepSize:mg_SPEKn:Result(1.7352151690561456e-10, 8.445786827778813e-11) Optimization.Subgradient.NesterovMomentum:min_grad:Result(1.2403902058903247e-10, 1.3284739358126395e-10) Optimization.Subgradient.NesterovMomentum:EK:Result(0.8918063004339605, 1.1568833446220673e-9) Optimization.Subgradient.NesterovMomentum:mg_EK:Result(1.2403902058903247e-10, 3.6882699334412106e-11) Optimization.Subgradient.NesterovMomentum:SPEK:Result(9.013055894678839, 1.2304680591703199e-8) Optimization.Subgradient.NesterovMomentum:mg_SPEK:Result(1.2403902058903247e-10, 1.0059064996027081e-10) Optimization.Subgradient.NesterovMomentum:SPEKn:Result(1.5787352673505883, 2.0056548337856047e-9) Optimization.Subgradient.NesterovMomentum:mg_SPEKn:Result(1.2403902058903247e-10, 9.504009108709954e-11) 
nodes:349 arcs:12215 singular:8899 active:3701 Optimization.Subgradient.FixedStepSize:min_grad:Result(5.770602119577695e-11, 1.8854005412716082e-10) Optimization.Subgradient.FixedStepSize:EK:Result(0.3415991836484912, 4.4331603044051134e-10) Optimization.Subgradient.FixedStepSize:mg_EK:Result(5.770602119577695e-11, 4.1564877114982785e-11) Optimization.Subgradient.FixedStepSize:SPEK:Result(0.6458665608215715, 9.597636225614868e-10) Optimization.Subgradient.FixedStepSize:mg_SPEK:Result(5.770602119577695e-11, 8.727638508531145e-11) Optimization.Subgradient.FixedStepSize:SPEKn:Result(0.22284593117777235, 4.194254706362664e-10) Optimization.Subgradient.FixedStepSize:mg_SPEKn:Result(5.770602119577695e-11, 7.425993394707171e-11) Optimization.Subgradient.NesterovMomentum:min_grad:Result(4.6721316204971225e-11, 2.0381278014631328e-10) Optimization.Subgradient.NesterovMomentum:EK:Result(0.29206166189262084, 4.1309438152439377e-10) Optimization.Subgradient.NesterovMomentum:mg_EK:Result(4.6721316204971225e-11, 5.071284977697182e-11) Optimization.Subgradient.NesterovMomentum:SPEK:Result(0.621468596922566, 8.772986755663153e-10) Optimization.Subgradient.NesterovMomentum:mg_SPEK:Result(4.6721316204971225e-11, 9.297850885676233e-11) Optimization.Subgradient.NesterovMomentum:SPEKn:Result(0.20885045366914218, 3.975391118770191e-10) Optimization.Subgradient.NesterovMomentum:mg_SPEKn:Result(4.6721316204971225e-11, 7.732906189699069e-11) 
nodes:349 arcs:12215 singular:8899 active:4949 Optimization.Subgradient.FixedStepSize:min_grad:Result(3.72641247670035e-11, 2.006348703632535e-10) Optimization.Subgradient.FixedStepSize:EK:Result(0.3091433615639862, 3.957701354809351e-10) Optimization.Subgradient.FixedStepSize:mg_EK:Result(3.72641247670035e-11, 4.668011629358513e-11) Optimization.Subgradient.FixedStepSize:SPEK:Result(0.4502404736104132, 7.80647729412621e-10) Optimization.Subgradient.FixedStepSize:mg_SPEK:Result(3.72641247670035e-11, 8.772082881283368e-11) Optimization.Subgradient.FixedStepSize:SPEKn:Result(0.18042435362402576, 3.697055762066096e-10) Optimization.Subgradient.FixedStepSize:mg_SPEKn:Result(3.72641247670035e-11, 8.441664206532717e-11) Optimization.Subgradient.NesterovMomentum:min_grad:Result(3.30055474622239e-11, 1.928673668398814e-10) Optimization.Subgradient.NesterovMomentum:EK:Result(0.25816510478618987, 3.2424979375897696e-10) Optimization.Subgradient.NesterovMomentum:mg_EK:Result(3.30055474622239e-11, 3.942374429786981e-11) Optimization.Subgradient.NesterovMomentum:SPEK:Result(0.4194471377889285, 6.4217619517664e-10) Optimization.Subgradient.NesterovMomentum:mg_SPEK:Result(3.30055474622239e-11, 7.70149246115104e-11) Optimization.Subgradient.NesterovMomentum:SPEKn:Result(0.17528666041858695, 2.9313708269470964e-10) Optimization.Subgradient.NesterovMomentum:mg_SPEKn:Result(3.30055474622239e-11, 7.336433118886209e-11) 
nodes:349 arcs:12215 singular:9227 active:517 Optimization.Subgradient.FixedStepSize:min_grad:Result(3.3584474706350434e-10, 2.560671620796021e-10) Optimization.Subgradient.FixedStepSize:EK:Result(2.039157572319281, 3.4804798156922994e-9) Optimization.Subgradient.FixedStepSize:mg_EK:Result(3.3584474706350434e-10, 4.241450285854293e-11) Optimization.Subgradient.FixedStepSize:SPEK:Result(2.242945617046266, 3.5701653212015486e-9) Optimization.Subgradient.FixedStepSize:mg_SPEK:Result(3.3584474706350434e-10, 8.30683665601662e-11) Optimization.Subgradient.FixedStepSize:SPEKn:Result(120.46473464144628, 1.754039462147642e-7) Optimization.Subgradient.FixedStepSize:mg_SPEKn:Result(3.3584474706350434e-10, 8.845365799820009e-11) Optimization.Subgradient.NesterovMomentum:min_grad:Result(2.1435108265796126e-10, 2.644946016974394e-10) Optimization.Subgradient.NesterovMomentum:EK:Result(1.3725777710117824, 2.45080886596421e-9) Optimization.Subgradient.NesterovMomentum:mg_EK:Result(2.1435108265796126e-10, 3.82664173145607e-11) Optimization.Subgradient.NesterovMomentum:SPEK:Result(2.6135336799405087, 4.760871005781396e-9) Optimization.Subgradient.NesterovMomentum:mg_SPEK:Result(2.1435108265796126e-10, 8.57101457238574e-11) Optimization.Subgradient.NesterovMomentum:SPEKn:Result(4.123735981276467, 5.884731502129649e-9) Optimization.Subgradient.NesterovMomentum:mg_SPEKn:Result(2.1435108265796126e-10, 8.938894627354417e-11) 
nodes:349 arcs:12215 singular:9227 active:1205 Optimization.Subgradient.FixedStepSize:min_grad:Result(2.2399715434244326e-10, 3.102447040825902e-10) Optimization.Subgradient.FixedStepSize:EK:Result(0.8715306839282527, 1.536014381735395e-9) Optimization.Subgradient.FixedStepSize:mg_EK:Result(2.2399715434244326e-10, 3.824369800637725e-11) Optimization.Subgradient.FixedStepSize:SPEK:Result(9.816285951700136, 1.7370444806493754e-8) Optimization.Subgradient.FixedStepSize:mg_SPEK:Result(2.2399715434244326e-10, 8.526162201521298e-11) Optimization.Subgradient.FixedStepSize:SPEKn:Result(1.2385240640066135, 2.0900886329012037e-9) Optimization.Subgradient.FixedStepSize:mg_SPEKn:Result(2.2399715434244326e-10, 9.194855925786752e-11) Optimization.Subgradient.NesterovMomentum:min_grad:Result(1.4154916455428329e-10, 2.9574550180466646e-10) Optimization.Subgradient.NesterovMomentum:EK:Result(0.6622719562882567, 1.0843082086090338e-9) Optimization.Subgradient.NesterovMomentum:mg_EK:Result(1.4154916455428329e-10, 4.8688865276657496e-11) Optimization.Subgradient.NesterovMomentum:SPEK:Result(12.10099938593934, 1.8014561075751627e-8) Optimization.Subgradient.NesterovMomentum:mg_SPEK:Result(1.4154916455428329e-10, 9.80240604694397e-11) Optimization.Subgradient.NesterovMomentum:SPEKn:Result(1.1692331952216322, 1.6662040885983877e-9) Optimization.Subgradient.NesterovMomentum:mg_SPEKn:Result(1.4154916455428329e-10, 9.987026420531491e-11) 
nodes:349 arcs:12215 singular:9227 active:3701 Optimization.Subgradient.FixedStepSize:min_grad:Result(5.5926851581631846e-11, 2.6516570353451153e-10) Optimization.Subgradient.FixedStepSize:EK:Result(0.4423865081979915, 5.950406923461258e-10) Optimization.Subgradient.FixedStepSize:mg_EK:Result(5.5926851581631846e-11, 4.621673827342254e-11) Optimization.Subgradient.FixedStepSize:SPEK:Result(0.7668212147025206, 1.5552916040826651e-9) Optimization.Subgradient.FixedStepSize:mg_SPEK:Result(5.5926851581631846e-11, 7.302184399235206e-11) Optimization.Subgradient.FixedStepSize:SPEKn:Result(0.310937902185792, 5.608396732599574e-10) Optimization.Subgradient.FixedStepSize:mg_SPEKn:Result(5.5926851581631846e-11, 6.398988811246649e-11) Optimization.Subgradient.NesterovMomentum:min_grad:Result(5.903763152904841e-11, 2.7755058967143117e-10) Optimization.Subgradient.NesterovMomentum:EK:Result(0.30303000643189104, 4.5075087488335336e-10) Optimization.Subgradient.NesterovMomentum:mg_EK:Result(5.903763152904841e-11, 4.313099464624586e-11) Optimization.Subgradient.NesterovMomentum:SPEK:Result(0.6747438414569802, 1.1919267070518876e-9) Optimization.Subgradient.NesterovMomentum:mg_SPEK:Result(5.903763152904841e-11, 7.728373268625397e-11) Optimization.Subgradient.NesterovMomentum:SPEKn:Result(0.2456146900022319, 4.376279266450557e-10) Optimization.Subgradient.NesterovMomentum:mg_SPEKn:Result(5.903763152904841e-11, 7.148159165552702e-11) 
nodes:349 arcs:12215 singular:9227 active:4949 Optimization.Subgradient.FixedStepSize:min_grad:Result(5.315688237055378e-11, 2.3263773930805189e-10) Optimization.Subgradient.FixedStepSize:EK:Result(0.3824799996782048, 5.005841648911742e-10) Optimization.Subgradient.FixedStepSize:mg_EK:Result(5.315688237055378e-11, 4.1481881219266854e-11) Optimization.Subgradient.FixedStepSize:SPEK:Result(0.3908424712117399, 8.868263046724869e-10) Optimization.Subgradient.FixedStepSize:mg_SPEK:Result(5.315688237055378e-11, 8.618523027451271e-11) Optimization.Subgradient.FixedStepSize:SPEKn:Result(0.19856834750433536, 4.320411004948297e-10) Optimization.Subgradient.FixedStepSize:mg_SPEKn:Result(5.315688237055378e-11, 7.93426571403001e-11) Optimization.Subgradient.NesterovMomentum:min_grad:Result(3.653730398607224e-11, 2.2746438362289046e-10) Optimization.Subgradient.NesterovMomentum:EK:Result(0.26707921099090826, 3.5955906775917614e-10) Optimization.Subgradient.NesterovMomentum:mg_EK:Result(3.653730398607224e-11, 4.2271408888599075e-11) Optimization.Subgradient.NesterovMomentum:SPEK:Result(0.3249493881214821, 5.871216765978565e-10) Optimization.Subgradient.NesterovMomentum:mg_SPEK:Result(3.653730398607224e-11, 7.781477489131459e-11) Optimization.Subgradient.NesterovMomentum:SPEKn:Result(0.14547360849802438, 3.031115800907783e-10) Optimization.Subgradient.NesterovMomentum:mg_SPEKn:Result(3.653730398607224e-11, 7.480774666922828e-11) 
nodes:349 arcs:39437 singular:3607 active:1671 Optimization.Subgradient.FixedStepSize:min_grad:Result(2.0799762650713323e-8, 33.006238012061885) Optimization.Subgradient.FixedStepSize:EK:Result(0.03353093129190073, 3.5264109709894206e-10) Optimization.Subgradient.FixedStepSize:mg_EK:Result(1.4414266422544507e-7, 1.0266186896897956e-10) Optimization.Subgradient.FixedStepSize:SPEK:Result(0.03587129106150334, 3.326951569190454e-10) Optimization.Subgradient.FixedStepSize:mg_SPEK:Result(1.0185884287447166e-8, 9.957011345526737e-11) Optimization.Subgradient.FixedStepSize:SPEKn:Result(0.02813564496663482, 3.262224036035363e-10) Optimization.Subgradient.FixedStepSize:mg_SPEKn:Result(1.7690483964621558e-8, 1.1742185756127805e-10) Optimization.Subgradient.NesterovMomentum:min_grad:Result(7.725653251198797e-11, 0.18403148307334394) Optimization.Subgradient.NesterovMomentum:EK:Result(0.03201743847732506, 3.5782375678066363e-10) Optimization.Subgradient.NesterovMomentum:mg_EK:Result(2.4929661530579117e-10, 1.1323660106351655e-10) Optimization.Subgradient.NesterovMomentum:SPEK:Result(0.034725656060624235, 3.47507618754493e-10) Optimization.Subgradient.NesterovMomentum:mg_SPEK:Result(1.856116880653828e-12, 1.1490841243825817e-10) Optimization.Subgradient.NesterovMomentum:SPEKn:Result(0.022099529067605417, 3.2394142248743745e-10) Optimization.Subgradient.NesterovMomentum:mg_SPEKn:Result(1.875556500192379e-12, 1.1625960255494386e-10) 
nodes:349 arcs:39437 singular:3607 active:3893 Optimization.Subgradient.FixedStepSize:min_grad:Result(3.7601226670838824e-8, 40.28490336212311) Optimization.Subgradient.FixedStepSize:EK:Result(0.020597321266710267, 3.512949907832202e-10) Optimization.Subgradient.FixedStepSize:mg_EK:Result(2.0477660919035887e-8, 1.7001068219766784e-10) Optimization.Subgradient.FixedStepSize:SPEK:Result(0.02039222745052461, 3.3450171474641617e-10) Optimization.Subgradient.FixedStepSize:mg_SPEK:Result(NaN, NaN) Optimization.Subgradient.FixedStepSize:SPEKn:Result(0.01744625862183722, 3.3013291657932233e-10) Optimization.Subgradient.FixedStepSize:mg_SPEKn:Result(NaN, NaN) Optimization.Subgradient.NesterovMomentum:min_grad:Result(9.776715408039461e-11, 0.14204823844171974) Optimization.Subgradient.NesterovMomentum:EK:Result(0.02313398543445961, 4.1414398544487645e-10) Optimization.Subgradient.NesterovMomentum:mg_EK:Result(1.8518051491209154e-9, 1.3656618228013273e-10) Optimization.Subgradient.NesterovMomentum:SPEK:Result(0.023408963080044504, 3.963666527543947e-10) Optimization.Subgradient.NesterovMomentum:mg_SPEK:Result(NaN, NaN) Optimization.Subgradient.NesterovMomentum:SPEKn:Result(0.016047196207188315, 3.669518307128609e-10) Optimization.Subgradient.NesterovMomentum:mg_SPEKn:Result(NaN, NaN) 
nodes:349 arcs:39437 singular:3607 active:11950 Optimization.Subgradient.FixedStepSize:min_grad:Result(-1.9912531908255697e-9, 5.4915154861751985) Optimization.Subgradient.FixedStepSize:EK:Result(0.0044383639265236285, 2.880315215296424e-10) Optimization.Subgradient.FixedStepSize:mg_EK:Result(1.0938189535574344e-7, 1.4454324733792762e-10) Optimization.Subgradient.FixedStepSize:SPEK:Result(0.004299393996939886, 2.7541904836482867e-10) Optimization.Subgradient.FixedStepSize:mg_SPEK:Result(NaN, NaN) Optimization.Subgradient.FixedStepSize:SPEKn:Result(0.002901045012887077, 2.7666704824192194e-10) Optimization.Subgradient.FixedStepSize:mg_SPEKn:Result(NaN, NaN) Optimization.Subgradient.NesterovMomentum:min_grad:Result(-1.2144336995176693e-10, 0.3053506752801065) Optimization.Subgradient.NesterovMomentum:EK:Result(0.002072357890181549, 2.911345270119138e-10) Optimization.Subgradient.NesterovMomentum:mg_EK:Result(4.941667252813299e-9, 1.9305439330533637e-10) Optimization.Subgradient.NesterovMomentum:SPEK:Result(0.00239373423566994, 3.0145040309052456e-10) Optimization.Subgradient.NesterovMomentum:mg_SPEK:Result(NaN, NaN) Optimization.Subgradient.NesterovMomentum:SPEKn:Result(0.0019769019197271266, 2.9038379653329743e-10) Optimization.Subgradient.NesterovMomentum:mg_SPEKn:Result(NaN, NaN) 
nodes:349 arcs:39437 singular:3607 active:15980 Optimization.Subgradient.FixedStepSize:min_grad:Result(-5.6934381785586514e-11, 3.6943657201061413) Optimization.Subgradient.FixedStepSize:EK:Result(0.0029284631775539187, 2.5746890054463e-10) Optimization.Subgradient.FixedStepSize:mg_EK:Result(6.71456599433408e-8, 1.6228182204091888e-10) Optimization.Subgradient.FixedStepSize:SPEK:Result(0.00278801327370275, 2.684584521298713e-10) Optimization.Subgradient.FixedStepSize:mg_SPEK:Result(NaN, NaN) Optimization.Subgradient.FixedStepSize:SPEKn:Result(0.0020617248956335617, 2.766611620410895e-10) Optimization.Subgradient.FixedStepSize:mg_SPEKn:Result(NaN, NaN) Optimization.Subgradient.NesterovMomentum:min_grad:Result(-8.595311553582488e-12, 0.6990229726630075) Optimization.Subgradient.NesterovMomentum:EK:Result(0.0025862244964680193, 2.613785799771896e-10) Optimization.Subgradient.NesterovMomentum:mg_EK:Result(1.0984317790748974e-8, 1.6517021099980446e-10) Optimization.Subgradient.NesterovMomentum:SPEK:Result(0.0021107812939236844, 2.6671422094283833e-10) Optimization.Subgradient.NesterovMomentum:mg_SPEK:Result(NaN, NaN) Optimization.Subgradient.NesterovMomentum:SPEKn:Result(0.0016028752817711105, 2.510817940748059e-10) Optimization.Subgradient.NesterovMomentum:mg_SPEKn:Result(NaN, NaN) 
nodes:349 arcs:39437 singular:7478 active:1671 Optimization.Subgradient.FixedStepSize:min_grad:Result(2.7298869949332796e-11, 1.9301275553700264e-10) Optimization.Subgradient.FixedStepSize:EK:Result(0.3442069213804101, 1.9065617822232424e-9) Optimization.Subgradient.FixedStepSize:mg_EK:Result(2.7298869949332796e-11, 1.2000074798186214e-10) Optimization.Subgradient.FixedStepSize:SPEK:Result(0.625611654421755, 3.1042228998317593e-9) Optimization.Subgradient.FixedStepSize:mg_SPEK:Result(2.7298869949332796e-11, 1.0396013525906643e-10) Optimization.Subgradient.FixedStepSize:SPEKn:Result(0.2689385554495003, 1.5714514871888474e-9) Optimization.Subgradient.FixedStepSize:mg_SPEKn:Result(2.7298869949332796e-11, 1.158608266240451e-10) Optimization.Subgradient.NesterovMomentum:min_grad:Result(2.0892532136953127e-11, 1.5558571420964282e-10) Optimization.Subgradient.NesterovMomentum:EK:Result(0.21611864430390218, 1.3063066395692243e-9) Optimization.Subgradient.NesterovMomentum:mg_EK:Result(2.0892532136953127e-11, 1.1193929561308537e-10) Optimization.Subgradient.NesterovMomentum:SPEK:Result(0.35806571959761063, 1.7366672781859138e-9) Optimization.Subgradient.NesterovMomentum:mg_SPEK:Result(2.0892532136953127e-11, 1.0266561856537593e-10) Optimization.Subgradient.NesterovMomentum:SPEKn:Result(0.16315740711985996, 1.149579123672627e-9) Optimization.Subgradient.NesterovMomentum:mg_SPEKn:Result(2.0892532136953127e-11, 1.0289350414470531e-10) 
nodes:349 arcs:39437 singular:7478 active:3893 Optimization.Subgradient.FixedStepSize:min_grad:Result(6.174500062696735e-7, 341.98773080404715) Optimization.Subgradient.FixedStepSize:EK:Result(0.2563392492103502, 1.4918353566221349e-9) Optimization.Subgradient.FixedStepSize:mg_EK:Result(3.4138792117079117e-6, 1.122064540760639e-10) Optimization.Subgradient.FixedStepSize:SPEK:Result(0.3554385284076646, 2.0058159278705144e-9) Optimization.Subgradient.FixedStepSize:mg_SPEK:Result(4.816751084378485e-6, 1.1155121406943955e-10) Optimization.Subgradient.FixedStepSize:SPEKn:Result(0.1652509160645744, 1.2876968241486976e-9) Optimization.Subgradient.FixedStepSize:mg_SPEKn:Result(4.816751084378485e-6, 1.1015290936869315e-10) Optimization.Subgradient.NesterovMomentum:min_grad:Result(1.719741654324336e-11, 0.0018528980588711976) Optimization.Subgradient.NesterovMomentum:EK:Result(0.16024555237200264, 1.2523982644016169e-9) Optimization.Subgradient.NesterovMomentum:mg_EK:Result(2.14412099866101e-11, 1.6085082370786993e-10) Optimization.Subgradient.NesterovMomentum:SPEK:Result(0.21947497813549044, 1.4335972350729839e-9) Optimization.Subgradient.NesterovMomentum:mg_SPEK:Result(1.4171519709944043e-11, 1.6508939384596004e-10) Optimization.Subgradient.NesterovMomentum:SPEKn:Result(0.1120737634531053, 1.0788848956936959e-9) Optimization.Subgradient.NesterovMomentum:mg_SPEKn:Result(1.4171519709944043e-11, 1.6415719972582495e-10) 
nodes:349 arcs:39437 singular:7478 active:11950 Optimization.Subgradient.FixedStepSize:min_grad:Result(2.402812163478648e-8, 61.5204377179259) Optimization.Subgradient.FixedStepSize:EK:Result(0.0568212582647958, 7.21805357173094e-10) Optimization.Subgradient.FixedStepSize:mg_EK:Result(1.1984618487509793e-6, 1.9898047895819837e-10) Optimization.Subgradient.FixedStepSize:SPEK:Result(0.037245082838596566, 6.915978614710117e-10) Optimization.Subgradient.FixedStepSize:mg_SPEK:Result(3.650189522854478e-8, 1.892106598001823e-10) Optimization.Subgradient.FixedStepSize:SPEKn:Result(0.02820955773572005, 6.080322517746347e-10) Optimization.Subgradient.FixedStepSize:mg_SPEKn:Result(5.5137377441096904e-8, 1.8404291930689903e-10) Optimization.Subgradient.NesterovMomentum:min_grad:Result(6.436174220519625e-11, 0.13535709077214217) Optimization.Subgradient.NesterovMomentum:EK:Result(0.050570873106440026, 6.918735702248669e-10) Optimization.Subgradient.NesterovMomentum:mg_EK:Result(8.534498226757658e-10, 1.6348078748088112e-10) Optimization.Subgradient.NesterovMomentum:SPEK:Result(0.045786856152372976, 6.860508102639779e-10) Optimization.Subgradient.NesterovMomentum:mg_SPEK:Result(3.706700020935579e-12, 1.5874852508021118e-10) Optimization.Subgradient.NesterovMomentum:SPEKn:Result(0.028562268552777284, 6.350337512281847e-10) Optimization.Subgradient.NesterovMomentum:mg_SPEKn:Result(3.657219776978441e-12, 1.5961949357791095e-10) 
nodes:349 arcs:39437 singular:7478 active:15980 Optimization.Subgradient.FixedStepSize:min_grad:Result(2.8193019141204125e-9, 9.847051960120167) Optimization.Subgradient.FixedStepSize:EK:Result(0.03373535756395761, 5.689981368512166e-10) Optimization.Subgradient.FixedStepSize:mg_EK:Result(2.7187274289856014e-7, 1.8974152251821513e-10) Optimization.Subgradient.FixedStepSize:SPEK:Result(0.013891580385857517, 5.543295902797114e-10) Optimization.Subgradient.FixedStepSize:mg_SPEK:Result(NaN, NaN) Optimization.Subgradient.FixedStepSize:SPEKn:Result(0.012906040685919733, 5.162015215197389e-10) Optimization.Subgradient.FixedStepSize:mg_SPEKn:Result(NaN, NaN) Optimization.Subgradient.NesterovMomentum:min_grad:Result(-9.435587223533452e-11, 0.24429819982368484) Optimization.Subgradient.NesterovMomentum:EK:Result(0.0320219944277855, 5.407471855712951e-10) Optimization.Subgradient.NesterovMomentum:mg_EK:Result(7.141268490752382e-9, 1.711395288896249e-10) Optimization.Subgradient.NesterovMomentum:SPEK:Result(0.016052616453062225, 5.272077538618297e-10) Optimization.Subgradient.NesterovMomentum:mg_SPEK:Result(NaN, NaN) Optimization.Subgradient.NesterovMomentum:SPEKn:Result(0.013077914032519325, 4.943652958449121e-10) Optimization.Subgradient.NesterovMomentum:mg_SPEKn:Result(NaN, NaN) 
